account_id,party_id,account_type,currency,branch_code,region,opened_at,closed_at,status,dormancy_flag,last_activity_at
ACC-00001,PTY-0001,CURRENT,VRD,BR-V02,SOUTH,2019-01-18,,ACTIVE,FALSE,2026-10-05
ACC-00002,PTY-0002,WALLET,VRD,BR-V03,EAST,2019-02-04,,ACTIVE,FALSE,2026-10-05
ACC-00003,PTY-0003,SAVINGS,VRD,BR-V04,WEST,2019-02-21,,ACTIVE,FALSE,2026-10-05
ACC-00004,PTY-0004,CURRENT,VRD,BR-V01,NORTH,2019-03-10,,ACTIVE,FALSE,2026-10-05
ACC-00005,PTY-0005,WALLET,VRD,BR-V02,SOUTH,2019-03-27,,ACTIVE,FALSE,2026-10-05
ACC-00006,PTY-0006,SAVINGS,VRD,BR-V03,EAST,2019-04-13,,ACTIVE,FALSE,2026-10-05
ACC-00007,PTY-0007,CURRENT,VRD,BR-V04,WEST,2019-04-30,,ACTIVE,FALSE,2026-10-05
ACC-00008,PTY-0008,WALLET,VRD,BR-V01,NORTH,2019-05-17,,ACTIVE,FALSE,2026-10-05
ACC-00009,PTY-0009,SAVINGS,VRD,BR-V02,SOUTH,2019-06-03,,ACTIVE,FALSE,2026-10-05
ACC-00010,PTY-0010,CURRENT,VRD,BR-V03,EAST,2019-06-20,,ACTIVE,FALSE,2026-10-05
ACC-00011,PTY-0011,WALLET,VRD,BR-V04,WEST,2019-07-07,,ACTIVE,FALSE,2026-10-05
ACC-00012,PTY-0012,SAVINGS,VRD,BR-V01,NORTH,2019-07-24,,ACTIVE,FALSE,2026-10-05
ACC-00013,PTY-0013,CURRENT,VRD,BR-V02,SOUTH,2019-08-10,,ACTIVE,FALSE,2026-10-05
ACC-00014,PTY-0014,WALLET,VRD,BR-V03,EAST,2019-08-27,,ACTIVE,FALSE,2026-10-05
ACC-00015,PTY-0015,SAVINGS,VRD,BR-V04,WEST,2019-09-13,,ACTIVE,FALSE,2026-10-05
ACC-00016,PTY-0016,CURRENT,VRD,BR-V01,NORTH,2019-09-30,,ACTIVE,FALSE,2026-10-05
ACC-00017,PTY-0017,WALLET,VRD,BR-V02,SOUTH,2019-10-17,,ACTIVE,FALSE,2026-10-05
ACC-00018,PTY-0018,SAVINGS,VRD,BR-V03,EAST,2019-11-03,,ACTIVE,FALSE,2026-10-05
ACC-00019,PTY-0019,CURRENT,VRD,BR-V04,WEST,2019-11-20,,ACTIVE,FALSE,2026-10-05
ACC-00020,PTY-0020,WALLET,VRD,BR-V01,NORTH,2019-12-07,,ACTIVE,FALSE,2026-10-05
ACC-00021,PTY-0021,SAVINGS,VRD,BR-V02,SOUTH,2019-12-24,,ACTIVE,FALSE,2026-10-05
ACC-00022,PTY-0022,CURRENT,VRD,BR-V03,EAST,2020-01-10,,ACTIVE,FALSE,2026-10-05
ACC-00023,PTY-0023,WALLET,VRD,BR-V04,WEST,2020-01-27,,ACTIVE,FALSE,2026-10-05
ACC-00024,PTY-0024,SAVINGS,VRD,BR-V01,NORTH,2020-02-13,,ACTIVE,FALSE,2026-10-05
ACC-00025,PTY-0025,CURRENT,VRD,BR-V02,SOUTH,2020-03-01,,ACTIVE,FALSE,2026-10-05
ACC-00026,PTY-0026,WALLET,VRD,BR-V03,EAST,2020-03-18,,ACTIVE,FALSE,2026-10-05
ACC-00027,PTY-0027,SAVINGS,VRD,BR-V04,WEST,2020-04-04,,ACTIVE,FALSE,2026-10-05
ACC-00028,PTY-0028,CURRENT,VRD,BR-V01,NORTH,2020-04-21,,ACTIVE,FALSE,2026-10-05
ACC-00029,PTY-0029,WALLET,VRD,BR-V02,SOUTH,2020-05-08,,ACTIVE,FALSE,2026-10-05
ACC-00030,PTY-0030,SAVINGS,VRD,BR-V03,EAST,2020-05-25,,ACTIVE,FALSE,2026-10-05
ACC-00031,PTY-0031,CURRENT,VRD,BR-V04,WEST,2020-06-11,,ACTIVE,FALSE,2026-10-05
ACC-00032,PTY-0032,WALLET,VRD,BR-V01,NORTH,2020-06-28,,ACTIVE,FALSE,2026-10-05
ACC-00033,PTY-0033,SAVINGS,VRD,BR-V02,SOUTH,2020-07-15,,ACTIVE,FALSE,2026-10-05
ACC-00034,PTY-0034,CURRENT,VRD,BR-V03,EAST,2020-08-01,,ACTIVE,FALSE,2026-10-05
ACC-00035,PTY-0035,WALLET,VRD,BR-V04,WEST,2020-08-18,,ACTIVE,FALSE,2026-10-05
ACC-00036,PTY-0036,SAVINGS,VRD,BR-V01,NORTH,2020-09-04,,ACTIVE,FALSE,2026-10-05
ACC-00037,PTY-0037,CURRENT,VRD,BR-V02,SOUTH,2020-09-21,,ACTIVE,FALSE,2026-10-05
ACC-00038,PTY-0038,WALLET,VRD,BR-V03,EAST,2020-10-08,,ACTIVE,FALSE,2026-10-05
ACC-00039,PTY-0039,SAVINGS,VRD,BR-V04,WEST,2020-10-25,,ACTIVE,FALSE,2026-10-05
ACC-00040,PTY-0040,CURRENT,VRD,BR-V01,NORTH,2020-11-11,,ACTIVE,FALSE,2026-10-05
ACC-00041,PTY-0041,WALLET,VRD,BR-V02,SOUTH,2020-11-28,,ACTIVE,FALSE,2026-10-05
ACC-00042,PTY-0042,SAVINGS,VRD,BR-V03,EAST,2020-12-15,,ACTIVE,FALSE,2026-10-05
ACC-00043,PTY-0043,CURRENT,VRD,BR-V04,WEST,2021-01-01,,ACTIVE,FALSE,2026-10-05
ACC-00044,PTY-0044,WALLET,VRD,BR-V01,NORTH,2021-01-18,,ACTIVE,FALSE,2026-10-05
ACC-00045,PTY-0045,SAVINGS,VRD,BR-V02,SOUTH,2021-02-04,,ACTIVE,FALSE,2026-10-05
ACC-00046,PTY-0046,CURRENT,VRD,BR-V03,EAST,2021-02-21,,ACTIVE,FALSE,2026-10-05
ACC-00047,PTY-0047,WALLET,VRD,BR-V04,WEST,2021-03-10,,ACTIVE,FALSE,2026-10-05
ACC-00048,PTY-0048,SAVINGS,VRD,BR-V01,NORTH,2021-03-27,,ACTIVE,FALSE,2026-10-05
ACC-00049,PTY-0049,CURRENT,VRD,BR-V02,SOUTH,2021-04-13,,ACTIVE,FALSE,2026-10-05
ACC-00050,PTY-0050,WALLET,VRD,BR-V03,EAST,2021-04-30,,ACTIVE,FALSE,2026-10-05
ACC-00051,PTY-0051,SAVINGS,VRD,BR-V04,WEST,2021-05-17,,ACTIVE,FALSE,2026-10-05
ACC-00052,PTY-0052,CURRENT,VRD,BR-V01,NORTH,2021-06-03,,ACTIVE,FALSE,2026-10-05
ACC-00053,PTY-0053,WALLET,VRD,BR-V02,SOUTH,2021-06-20,,ACTIVE,FALSE,2026-10-05
ACC-00054,PTY-0054,SAVINGS,VRD,BR-V03,EAST,2021-07-07,,ACTIVE,FALSE,2026-10-05
ACC-00055,PTY-0055,CURRENT,VRD,BR-V04,WEST,2021-07-24,,ACTIVE,FALSE,2026-10-05
ACC-00056,PTY-0056,WALLET,VRD,BR-V01,NORTH,2021-08-10,,ACTIVE,FALSE,2026-10-05
ACC-00057,PTY-0057,SAVINGS,VRD,BR-V02,SOUTH,2021-08-27,,ACTIVE,FALSE,2026-10-05
ACC-00058,PTY-0058,CURRENT,VRD,BR-V03,EAST,2021-09-13,,ACTIVE,FALSE,2026-10-05
ACC-00059,PTY-0059,WALLET,VRD,BR-V04,WEST,2021-09-30,,ACTIVE,FALSE,2026-10-05
ACC-00060,PTY-0060,SAVINGS,VRD,BR-V01,NORTH,2021-10-17,,ACTIVE,FALSE,2026-10-05
ACC-00061,PTY-0061,CURRENT,VRD,BR-V02,SOUTH,2021-11-03,,ACTIVE,FALSE,2026-10-05
ACC-00062,PTY-0062,WALLET,VRD,BR-V03,EAST,2021-11-20,,ACTIVE,FALSE,2026-10-05
ACC-00063,PTY-0063,SAVINGS,VRD,BR-V04,WEST,2021-12-07,,ACTIVE,FALSE,2026-10-05
ACC-00064,PTY-0064,CURRENT,VRD,BR-V01,NORTH,2021-12-24,,ACTIVE,FALSE,2026-10-05
ACC-00065,PTY-0065,WALLET,VRD,BR-V02,SOUTH,2022-01-10,,ACTIVE,FALSE,2026-10-05
ACC-00066,PTY-0066,SAVINGS,VRD,BR-V03,EAST,2022-01-27,,ACTIVE,FALSE,2026-10-05
ACC-00067,PTY-0067,CURRENT,VRD,BR-V04,WEST,2022-02-13,,ACTIVE,FALSE,2026-10-05
ACC-00068,PTY-0068,WALLET,VRD,BR-V01,NORTH,2022-03-02,,ACTIVE,FALSE,2026-10-05
ACC-00069,PTY-0069,SAVINGS,VRD,BR-V02,SOUTH,2022-03-19,,ACTIVE,FALSE,2026-10-05
ACC-00070,PTY-0070,CURRENT,VRD,BR-V03,EAST,2022-04-05,,ACTIVE,FALSE,2026-10-05
ACC-00071,PTY-0071,WALLET,VRD,BR-V04,WEST,2022-04-22,,ACTIVE,FALSE,2026-10-05
ACC-00072,PTY-0072,SAVINGS,VRD,BR-V01,NORTH,2022-05-09,,ACTIVE,FALSE,2026-10-05
ACC-00073,PTY-0073,CURRENT,VRD,BR-V02,SOUTH,2022-05-26,,ACTIVE,FALSE,2026-10-05
ACC-00074,PTY-0074,WALLET,VRD,BR-V03,EAST,2022-06-12,,ACTIVE,FALSE,2026-10-05
ACC-00075,PTY-0075,SAVINGS,VRD,BR-V04,WEST,2022-06-29,,ACTIVE,FALSE,2026-10-05
ACC-00076,PTY-0076,CURRENT,VRD,BR-V01,NORTH,2022-07-16,,ACTIVE,FALSE,2026-10-05
ACC-00077,PTY-0077,WALLET,VRD,BR-V02,SOUTH,2022-08-02,,ACTIVE,FALSE,2026-10-05
ACC-00078,PTY-0078,SAVINGS,VRD,BR-V03,EAST,2022-08-19,,ACTIVE,FALSE,2026-10-05
ACC-00079,PTY-0079,CURRENT,VRD,BR-V04,WEST,2022-09-05,,ACTIVE,FALSE,2026-10-05
ACC-00080,PTY-0080,WALLET,VRD,BR-V01,NORTH,2022-09-22,,ACTIVE,FALSE,2026-10-05
ACC-00081,PTY-0081,SAVINGS,VRD,BR-V02,SOUTH,2022-10-09,,ACTIVE,FALSE,2026-10-05
ACC-00082,PTY-0082,CURRENT,VRD,BR-V03,EAST,2022-10-26,,ACTIVE,FALSE,2026-10-05
ACC-00083,PTY-0083,WALLET,VRD,BR-V04,WEST,2022-11-12,,ACTIVE,FALSE,2026-10-05
ACC-00084,PTY-0084,SAVINGS,VRD,BR-V01,NORTH,2022-11-29,,ACTIVE,FALSE,2026-10-05
ACC-00085,PTY-0085,CURRENT,VRD,BR-V02,SOUTH,2022-12-16,,ACTIVE,FALSE,2026-10-05
ACC-00086,PTY-0086,WALLET,VRD,BR-V03,EAST,2023-01-02,,ACTIVE,FALSE,2026-10-05
ACC-00087,PTY-0087,SAVINGS,VRD,BR-V04,WEST,2023-01-19,,ACTIVE,FALSE,2026-10-05
ACC-00088,PTY-0088,CURRENT,VRD,BR-V01,NORTH,2023-02-05,,ACTIVE,FALSE,2026-10-05
ACC-00089,PTY-0089,WALLET,VRD,BR-V02,SOUTH,2023-02-22,,ACTIVE,FALSE,2026-10-05
ACC-00090,PTY-0090,SAVINGS,VRD,BR-V03,EAST,2023-03-11,,ACTIVE,FALSE,2026-10-05
ACC-00091,PTY-0001,CURRENT,VRD,BR-V04,WEST,2023-03-28,,ACTIVE,FALSE,2026-10-05
ACC-00092,PTY-0002,WALLET,VRD,BR-V01,NORTH,2023-04-14,,ACTIVE,FALSE,2026-10-05
ACC-00093,PTY-0003,SAVINGS,VRD,BR-V02,SOUTH,2023-05-01,,ACTIVE,FALSE,2026-10-05
ACC-00094,PTY-0004,CURRENT,VRD,BR-V03,EAST,2023-05-18,,ACTIVE,FALSE,2026-10-05
ACC-00095,PTY-0005,WALLET,VRD,BR-V04,WEST,2023-06-04,,ACTIVE,FALSE,2026-10-05
ACC-00096,PTY-0006,SAVINGS,VRD,BR-V01,NORTH,2023-06-21,,ACTIVE,FALSE,2026-10-05
ACC-00097,PTY-0007,CURRENT,VRD,BR-V02,SOUTH,2023-07-08,,ACTIVE,FALSE,2026-10-05
ACC-00098,PTY-0008,WALLET,VRD,BR-V03,EAST,2023-07-25,,ACTIVE,FALSE,2026-10-05
ACC-00099,PTY-0009,SAVINGS,VRD,BR-V04,WEST,2023-08-11,,ACTIVE,FALSE,2026-10-05
ACC-00100,PTY-0010,CURRENT,VRD,BR-V01,NORTH,2023-08-28,,ACTIVE,FALSE,2026-10-05
ACC-00101,PTY-0011,WALLET,VRD,BR-V02,SOUTH,2023-09-14,,ACTIVE,FALSE,2026-10-05
ACC-00102,PTY-0012,SAVINGS,VRD,BR-V03,EAST,2023-10-01,,ACTIVE,FALSE,2026-10-05
ACC-00103,PTY-0013,CURRENT,VRD,BR-V04,WEST,2023-10-18,,ACTIVE,FALSE,2026-10-05
ACC-00104,PTY-0014,WALLET,VRD,BR-V01,NORTH,2023-11-04,,ACTIVE,FALSE,2026-10-05
ACC-00105,PTY-0015,SAVINGS,VRD,BR-V02,SOUTH,2023-11-21,,ACTIVE,FALSE,2026-10-05
ACC-00106,PTY-0016,CURRENT,VRD,BR-V03,EAST,2023-12-08,,ACTIVE,FALSE,2026-10-05
ACC-00107,PTY-0017,WALLET,VRD,BR-V04,WEST,2023-12-25,,ACTIVE,FALSE,2026-10-05
ACC-00108,PTY-0018,SAVINGS,VRD,BR-V01,NORTH,2024-01-11,,ACTIVE,FALSE,2026-10-05
ACC-00109,PTY-0019,CURRENT,VRD,BR-V02,SOUTH,2024-01-28,,ACTIVE,FALSE,2026-10-05
ACC-00110,PTY-0020,WALLET,VRD,BR-V03,EAST,2024-02-14,,ACTIVE,FALSE,2026-10-05
ACC-00111,PTY-0021,SAVINGS,VRD,BR-V04,WEST,2024-03-02,,ACTIVE,FALSE,2026-10-05
ACC-00112,PTY-0022,CURRENT,VRD,BR-V01,NORTH,2024-03-19,,ACTIVE,FALSE,2026-10-05
ACC-00113,PTY-0023,WALLET,VRD,BR-V02,SOUTH,2024-04-05,,ACTIVE,FALSE,2026-10-05
ACC-00114,PTY-0024,SAVINGS,VRD,BR-V03,EAST,2024-04-22,,ACTIVE,FALSE,2026-10-05
ACC-00115,PTY-0025,CURRENT,VRD,BR-V04,WEST,2024-05-09,,ACTIVE,FALSE,2026-10-05
ACC-00116,PTY-0026,WALLET,VRD,BR-V01,NORTH,2024-05-26,,ACTIVE,FALSE,2026-10-05
ACC-00117,PTY-0027,SAVINGS,VRD,BR-V02,SOUTH,2024-06-12,,ACTIVE,FALSE,2026-10-05
ACC-00118,PTY-0028,CURRENT,VRD,BR-V03,EAST,2024-06-29,,ACTIVE,FALSE,2026-10-05
ACC-00119,PTY-0029,WALLET,VRD,BR-V04,WEST,2024-07-16,,ACTIVE,FALSE,2026-10-05
ACC-00120,PTY-0030,SAVINGS,VRD,BR-V01,NORTH,2024-08-02,,ACTIVE,FALSE,2026-10-05
ACC-00121,PTY-0031,CURRENT,VRD,BR-V02,SOUTH,2024-08-19,,ACTIVE,FALSE,2026-10-05
ACC-00122,PTY-0032,WALLET,VRD,BR-V03,EAST,2024-09-05,,ACTIVE,FALSE,2026-10-05
ACC-00123,PTY-0033,SAVINGS,VRD,BR-V04,WEST,2024-09-22,,ACTIVE,FALSE,2026-10-05
ACC-00124,PTY-0034,CURRENT,VRD,BR-V01,NORTH,2024-10-09,,ACTIVE,FALSE,2026-10-05
ACC-00125,PTY-0035,WALLET,VRD,BR-V02,SOUTH,2024-10-26,,ACTIVE,FALSE,2026-10-05
ACC-00126,PTY-0036,SAVINGS,VRD,BR-V03,EAST,2024-11-12,,ACTIVE,FALSE,2026-10-05
ACC-00127,PTY-0037,CURRENT,VRD,BR-V04,WEST,2024-11-29,,ACTIVE,FALSE,2026-10-05
ACC-00128,PTY-0038,WALLET,VRD,BR-V01,NORTH,2024-12-16,,ACTIVE,FALSE,2026-10-05
ACC-00129,PTY-0039,SAVINGS,VRD,BR-V02,SOUTH,2025-01-02,,ACTIVE,FALSE,2026-10-05
ACC-00130,PTY-0040,CURRENT,VRD,BR-V03,EAST,2025-01-19,,ACTIVE,FALSE,2026-10-05
