entity_id,entity_type,typology_code,label,injected_at,window_start,window_end,notes
ACC-00001,ACCOUNT,STRUCTURING,PLANTED,2026-10-05,2026-09-03,2026-10-01,"20 cash credits; cash_total=968202.00; all individual credits below VRD 50,000"
ACC-00002,ACCOUNT,STRUCTURING,PLANTED,2026-10-05,2026-09-03,2026-10-01,"20 cash credits; cash_total=969405.00; all individual credits below VRD 50,000"
ACC-00003,ACCOUNT,STRUCTURING,PLANTED,2026-10-05,2026-09-03,2026-10-01,"20 cash credits; cash_total=969544.00; all individual credits below VRD 50,000"
ACC-00004,ACCOUNT,STRUCTURING,PLANTED,2026-10-05,2026-09-03,2026-10-01,"20 cash credits; cash_total=970621.00; all individual credits below VRD 50,000"
ACC-00005,ACCOUNT,STRUCTURING,PLANTED,2026-10-05,2026-09-03,2026-10-01,"20 cash credits; cash_total=968463.00; all individual credits below VRD 50,000"
ACC-00006,ACCOUNT,STRUCTURING,PLANTED,2026-10-05,2026-09-03,2026-10-01,"20 cash credits; cash_total=969252.00; all individual credits below VRD 50,000"
ACC-00007,ACCOUNT,STRUCTURING,PLANTED,2026-10-05,2026-09-03,2026-10-01,"20 cash credits; cash_total=970846.00; all individual credits below VRD 50,000"
ACC-00008,ACCOUNT,STRUCTURING,PLANTED,2026-10-05,2026-09-03,2026-10-01,"20 cash credits; cash_total=969404.00; all individual credits below VRD 50,000"
ACC-00009,ACCOUNT,STRUCTURING,PLANTED,2026-10-05,2026-09-03,2026-10-01,"20 cash credits; cash_total=970656.00; all individual credits below VRD 50,000"
ACC-00010,ACCOUNT,STRUCTURING,PLANTED,2026-10-05,2026-09-03,2026-10-01,"20 cash credits; cash_total=971788.00; all individual credits below VRD 50,000"
ACC-00011,ACCOUNT,STRUCTURING,PLANTED,2026-10-05,2026-09-03,2026-10-01,"20 cash credits; cash_total=969362.00; all individual credits below VRD 50,000"
ACC-00012,ACCOUNT,STRUCTURING,PLANTED,2026-10-05,2026-09-03,2026-10-01,"20 cash credits; cash_total=969308.00; all individual credits below VRD 50,000"
ACC-00013,ACCOUNT,STRUCTURING,PLANTED,2026-10-05,2026-09-03,2026-10-01,"20 cash credits; cash_total=971029.00; all individual credits below VRD 50,000"
ACC-00014,ACCOUNT,STRUCTURING,PLANTED,2026-10-05,2026-09-03,2026-10-01,"20 cash credits; cash_total=971560.00; all individual credits below VRD 50,000"
ACC-00015,ACCOUNT,STRUCTURING,PLANTED,2026-10-05,2026-09-03,2026-10-01,"20 cash credits; cash_total=970671.00; all individual credits below VRD 50,000"
ACC-00016,ACCOUNT,STRUCTURING,PLANTED,2026-10-05,2026-09-03,2026-10-01,"20 cash credits; cash_total=972016.00; all individual credits below VRD 50,000"
ACC-00017,ACCOUNT,STRUCTURING,PLANTED,2026-10-05,2026-09-03,2026-10-01,"20 cash credits; cash_total=971080.00; all individual credits below VRD 50,000"
ACC-00018,ACCOUNT,STRUCTURING,PLANTED,2026-10-05,2026-09-03,2026-10-01,"20 cash credits; cash_total=967665.00; all individual credits below VRD 50,000"
ACC-00019,ACCOUNT,STRUCTURING,PLANTED,2026-10-05,2026-09-03,2026-10-01,"20 cash credits; cash_total=970857.00; all individual credits below VRD 50,000"
ACC-00020,ACCOUNT,STRUCTURING,PLANTED,2026-10-05,2026-09-03,2026-10-01,"20 cash credits; cash_total=967691.00; all individual credits below VRD 50,000"
ACC-00031,ACCOUNT,BENIGN_LOOKALIKE,BENIGN,2026-10-05,2026-09-04,2026-09-30,Legitimate business cash turnover; aggregate=703434.00; expected activity
ACC-00032,ACCOUNT,BENIGN_LOOKALIKE,BENIGN,2026-10-05,2026-09-04,2026-09-30,Legitimate business cash turnover; aggregate=707838.00; expected activity
ACC-00033,ACCOUNT,BENIGN_LOOKALIKE,BENIGN,2026-10-05,2026-09-04,2026-09-30,Legitimate business cash turnover; aggregate=702349.00; expected activity
ACC-00034,ACCOUNT,BENIGN_LOOKALIKE,BENIGN,2026-10-05,2026-09-04,2026-09-30,Legitimate business cash turnover; aggregate=700823.00; expected activity
ACC-00035,ACCOUNT,BENIGN_LOOKALIKE,BENIGN,2026-10-05,2026-09-04,2026-09-30,Legitimate business cash turnover; aggregate=700913.00; expected activity
ACC-00036,ACCOUNT,BENIGN_LOOKALIKE,BENIGN,2026-10-05,2026-09-04,2026-09-30,Legitimate business cash turnover; aggregate=714732.00; expected activity
ACC-00037,ACCOUNT,BENIGN_LOOKALIKE,BENIGN,2026-10-05,2026-09-04,2026-09-30,Legitimate business cash turnover; aggregate=708380.00; expected activity
ACC-00038,ACCOUNT,BENIGN_LOOKALIKE,BENIGN,2026-10-05,2026-09-04,2026-09-30,Legitimate business cash turnover; aggregate=703244.00; expected activity
ACC-00039,ACCOUNT,BENIGN_LOOKALIKE,BENIGN,2026-10-05,2026-09-04,2026-09-30,Legitimate business cash turnover; aggregate=706140.00; expected activity
ACC-00040,ACCOUNT,BENIGN_LOOKALIKE,BENIGN,2026-10-05,2026-09-04,2026-09-30,Legitimate business cash turnover; aggregate=712016.00; expected activity
ACC-00041,ACCOUNT,BENIGN_LOOKALIKE,BENIGN,2026-10-05,2026-09-04,2026-09-30,Legitimate business cash turnover; aggregate=714597.00; expected activity
ACC-00042,ACCOUNT,BENIGN_LOOKALIKE,BENIGN,2026-10-05,2026-09-04,2026-09-30,Legitimate business cash turnover; aggregate=712257.00; expected activity
